Workbook

Sheet Marksheet
A1: Roll No | B1: Name | C1: Maths | D1: Science | E1: English | F1: History | G1: Geography | H1: Computer | I1: Total | J1: Percentage | K1: Grade
A2: 1 | B2: Student 1 | C2: 82 | D2: 100 | E2: 50 | F2: 77 | G2: 46 | H2: 80 | I2: =SUM(C2:H2) -> 435 | J2: =I2/6 -> 72.5 | K2: =IF(J2>=90,"A+",IF(J2>=75,"A",IF(J2>=60,"B",IF(J2>=50,"C","D")))) -> B
A3: 2 | B3: Student 2 | C3: 73 | D3: 75 | E3: 56 | F3: 50 | G3: 51 | H3: 67 | I3: =SUM(C3:H3) -> 372 | J3: =I3/6 -> 62 | K3: =IF(J3>=90,"A+",IF(J3>=75,"A",IF(J3>=60,"B",IF(J3>=50,"C","D")))) -> B
A4: 3 | B4: Student 3 | C4: 96 | D4: 98 | E4: 46 | F4: 45 | G4: 71 | H4: 70 | I4: =SUM(C4:H4) -> 426 | J4: =I4/6 -> 71 | K4: =IF(J4>=90,"A+",IF(J4>=75,"A",IF(J4>=60,"B",IF(J4>=50,"C","D")))) -> B
A5: 4 | B5: Student 4 | C5: 94 | D5: 89 | E5: 62 | F5: 70 | G5: 41 | H5: 72 | I5: =SUM(C5:H5) -> 428 | J5: =I5/6 -> 71.333333 | K5: =IF(J5>=90,"A+",IF(J5>=75,"A",IF(J5>=60,"B",IF(J5>=50,"C","D")))) -> B
A6: 5 | B6: Student 5 | C6: 67 | D6: 68 | E6: 84 | F6: 84 | G6: 86 | H6: 49 | I6: =SUM(C6:H6) -> 438 | J6: =I6/6 -> 73 | K6: =IF(J6>=90,"A+",IF(J6>=75,"A",IF(J6>=60,"B",IF(J6>=50,"C","D")))) -> B
A7: 6 | B7: Student 6 | C7: 96 | D7: 67 | E7: 63 | F7: 76 | G7: 84 | H7: 90 | I7: =SUM(C7:H7) -> 476 | J7: =I7/6 -> 79.333333 | K7: =IF(J7>=90,"A+",IF(J7>=75,"A",IF(J7>=60,"B",IF(J7>=50,"C","D")))) -> A
A8: 7 | B8: Student 7 | C8: 55 | D8: 43 | E8: 60 | F8: 100 | G8: 60 | H8: 98 | I8: =SUM(C8:H8) -> 416 | J8: =I8/6 -> 69.333333 | K8: =IF(J8>=90,"A+",IF(J8>=75,"A",IF(J8>=60,"B",IF(J8>=50,"C","D")))) -> B
A9: 8 | B9: Student 8 | C9: 44 | D9: 46 | E9: 100 | F9: 64 | G9: 99 | H9: 44 | I9: =SUM(C9:H9) -> 397 | J9: =I9/6 -> 66.166667 | K9: =IF(J9>=90,"A+",IF(J9>=75,"A",IF(J9>=60,"B",IF(J9>=50,"C","D")))) -> B
A10: 9 | B10: Student 9 | C10: 77 | D10: 91 | E10: 57 | F10: 73 | G10: 93 | H10: 95 | I10: =SUM(C10:H10) -> 486 | J10: =I10/6 -> 81 | K10: =IF(J10>=90,"A+",IF(J10>=75,"A",IF(J10>=60,"B",IF(J10>=50,"C","D")))) -> A
A11: 10 | B11: Student 10 | C11: 53 | D11: 88 | E11: 82 | F11: 66 | G11: 91 | H11: 65 | I11: =SUM(C11:H11) -> 445 | J11: =I11/6 -> 74.166667 | K11: =IF(J11>=90,"A+",IF(J11>=75,"A",IF(J11>=60,"B",IF(J11>=50,"C","D")))) -> B
A12: 11 | B12: Student 11 | C12: 98 | D12: 43 | E12: 43 | F12: 65 | G12: 81 | H12: 76 | I12: =SUM(C12:H12) -> 406 | J12: =I12/6 -> 67.666667 | K12: =IF(J12>=90,"A+",IF(J12>=75,"A",IF(J12>=60,"B",IF(J12>=50,"C","D")))) -> B
A13: 12 | B13: Student 12 | C13: 55 | D13: 78 | E13: 60 | F13: 65 | G13: 57 | H13: 95 | I13: =SUM(C13:H13) -> 410 | J13: =I13/6 -> 68.333333 | K13: =IF(J13>=90,"A+",IF(J13>=75,"A",IF(J13>=60,"B",IF(J13>=50,"C","D")))) -> B
... A21: 20 | B21: Student 20 | C21: 98 | D21: 53 | E21: 90 | F21: 59 | G21: 61 | H21: 84 | I21: =SUM(C21:H21) -> 445 | J21: =I21/6 -> 74.166667 | K21: =IF(J21>=90,"A+",IF(J21>=75,"A",IF(J21>=60,"B",IF(J21>=50,"C","D")))) -> B

Sheet Lookup
A1: Enter Roll No: | B1: 1
A2: Roll No | B2: Name | C2: Maths | D2: Total | E2: Percentage | F2: Grade
A3: Roll No | B3: Name | C3: Maths | D3: Total | E3: Percentage | F3: Grade
B4: =VLOOKUP(B1, Marksheet!A:K, 2, FALSE) -> Student 1 | C4: =VLOOKUP(B1, Marksheet!A:K, 3, FALSE) -> 82 | D4: =VLOOKUP(B1, Marksheet!A:K, 9, FALSE) -> 435 | E4: =VLOOKUP(B1, Marksheet!A:K, 10, FALSE) -> 72.5 | F4: =VLOOKUP(B1, Marksheet!A:K, 11, FALSE) -> B
